sku,name,category,price,qty,desc,image,cost
01650057466,1-A-DAY GUMMIES NAT MDL K,,13.21,0,,,9.79
01650057431,1-A-DAY GUMMIES NAT MDL M,,13.21,0,,,9.79
01650057432,1-A-DAY GUMMIES NAT MDL W,,13.21,0,,,9.79
01650055591,1-A-DAY GUMMIES VITACRAVE,,9.99,0,,,7.70
01650055592,1-A-DAY GUMMIES VITACRAVE,,19.92,0,,,13.00
01650055594,1-A-DAY GUMMIES VITACRAVE,,8.99,0,,,7.70
01650055595,1-A-DAY GUMMIES VITACRAVE,,19.50,0,,,13.00
01650055614,1-A-DAY GUMMIES VITACRAVE,,11.04,0,,,7.70
01650055615,1-A-DAY GUMMIES VITACRAVE,,16.99,0,,,13.00
01650055709,1-A-DAY GUMMIES VITACRAVE,,9.99,0,,,7.73
01650055711,1-A-DAY GUMMIES VITACRAVE,,17.55,0,,,13.00
01650055827,1-A-DAY GUMMIES VITACRAVE,,9.99,0,,,7.70
01650056533,1-A-DAY MENS 50+ ADVNTG T,,17.99,-33,,,10.90
01650008004,1-A-DAY TABS MEN'S FORMUL,,9.06,0,,,6.04
01650008012,1-A-DAY TABS MEN'S FORMUL,,10.28,0,,,7.62
01650058695,1-A-DAY TABS MEN'S MULTIV,,12.11,-35,,,6.65
01650054118,1-A-DAY TABS MEN'S PRO ED,,15.74,-8,,,7.62
01650058657,1-A-DAY TABS PRENATAL VIT,,25.87,0,,,17.25
01650055281,1-A-DAY TABS PRENATAL VIT,,17.55,0,,,13.00
01650055283,1-A-DAY TABS PRENATAL VIT,,37.42,0,,,24.95
01650056529,1-A-DAY TABS WOMEN'S 50+,,10.99,0,,,8.14
01650007406,1-A-DAY TABS WOMEN'S FORM,,9.06,0,,,6.04
01650055819,1-A-DAY VITACRAVES GUMMIE,,13.99,-6,,,7.69
096705703001,1-CLIC CLEAR-VU RV 40DR 8,,123.08,0,,,82.05
07570703800,100% EUCALYPTUS OL 30ML,,5.49,-9,,,2.84
096705616124,120CC TALL PET AMBER BT 6,,0.00,0,,,0.00
740985280713,21ST CENTURY ASHWAGANDHAC,,14.99,0,,,9.02
81876701110,2IN1 WARM MIST HMDFR STM,,60.00,0,,,40.00
35167267080,3 DAY VAGINAL CREAM 2%,,9.99,0,,,6.90
05280011605,3 FLOWERS BRLNTINE SOLID,,4.15,0,,,2.77
07006611613,3 FLOWERS MOLDING POMADE,,4.99,-4,,,2.77
71036326356,3-IN-1 CARB BLOCKER MAX S,,21.00,0,,,14.00
71707609270,3-WHEEL CRUISER MTL BURG,,122.43,0,,,81.62
705102201521,3B SAVER UN 16 PDQ DL0201,,0.00,0,,,0.00
02120037520,3M LINT ROLLER PET HAIR 5,,4.79,0,,,2.80
02120037609,3M LINT ROLLER PET HAIR R,,2.53,0,,,1.88
30067208611,4-WAY FAST ACTING NASAL S,,8.40,-1,,,5.60
86072100040,40+ HEART DEFENSE 60 VCP,,0.00,0,,,0.00
71941050001,5 HOUR ENERGY DRINK BERRY,,2.07,0,,,1.88
71941070002,5 HOUR ENERGY DRINK EXTRA,,5.99,-5,,,4.17
71941040002,5 HOUR ENERGY DRINK LEMON,,5.73,0,,,3.82
71941072012,5 HOUR ENERGY LQ 12X57ML,,48.37,0,,,32.25
03901312504,5 SECOND BRUSH ON NAIL GL,,3.44,0,,,2.55
03901312505,5 SECOND NAIL GLUE BOTTLE,,2.62,0,,,1.75
03901312503,5 SECOND NAIL GLUE TUBE,,2.55,0,,,1.70
71036357393,5-DAY LIQUID CLEANSE&FLUS,,14.62,0,,,9.75
71941070012,5-HOUR ENERGY DRINK BERRY,,35.94,0,,,23.96
71941073412,5-HOUR ENERGY DRINK BERRY,,31.38,0,,,23.25
71941072312,5-HOUR ENERGY DRINK GRAPE,,31.38,0,,,23.25
71941050012,5-HOUR ENERGY LQ 12X60ML,,3.60,0,,,28.76
71941028134,5-HOUR ENERGY TEA PEACH S,,2.37,0,,,1.76
71941028143,5-HOUR ENERGY TEA PEACH S,,32.71,0,,,21.81
04746906044,5-HTP FAST DISSOLVE TAB 1,,16.50,0,,,11.00
08580539050,5TH AVENUE EDP SPRAY WOME,,46.00,0,,,19.80
08580539060,5TH AVENUE EDP SPRAY WOME,,54.00,0,,,30.30
07685500200,7-DAY AM PM PILL ORGANIZE,,6.82,0,,,4.55
07685500203,7-DAY AM PM XL PILL ORGAN,,8.70,0,,,5.80
07685570092,7-DAY PILL ORGANIZER PSH-,,3.21,0,,,2.14
07685500204,7-DAY PLUS CUTTER PILL OR,,7.99,0,,,4.45
07685500209,7-DAY+1 DETACH PILL ORGAN,,3.86,0,,,2.86
73291344062,7TH GEN BABY DIAPERS STAG,,15.04,0,,,11.14
73291344063,7TH GEN BABY DIAPERS STAG,,15.04,0,,,11.14
73291344064,7TH GEN BABY DIAPERS STAG,,15.04,0,,,11.14
73291344065,7TH GEN BABY DIAPERS STAG,,15.04,0,,,11.14
73291334208,7TH GEN BABY FREE CLEAR W,,4.53,0,,,3.02
73291334217,7TH GEN BABY FREE CLEAR W,,8.80,0,,,5.87
73291322811,7TH GEN BATHROOM CLNR LMN,,6.17,0,,,4.11
73291322733,7TH GEN DISH LIQ FREE & C,,5.16,0,,,3.44
73291322734,7TH GEN DISH LIQ LAV FLRL,,4.85,0,,,3.23
73291322810,7TH GEN MULTI-SURF CLNR L,,6.17,0,,,4.11
73291322812,7TH GEN MULTI-SURF CLNR W,,5.86,0,,,3.91
86000141240,911 HELP NOW PENDANT COMM,,104.92,0,,,69.95
04110081122,A & D OINTMENT TUBE PREVE,,4.99,-6,,,2.71
04110081132,A/D DIAPER RASH CR 1-10%,,6.33,-6,,,4.22
04110081134,A/D OINTMENT 15.5-53.4% 4,,17.99,-30,,,11.36
76318901686,"ABDOMINAL BINDER 3PNL 9""",,25.79,0,,,16.66
76318901687,"ABDOMINAL BINDER 3PNL 9""",,25.79,0,,,16.66
71986953927,"ABDOMINAL BINDER 3PNL 9""",,26.94,0,,,17.96
71986953928,"ABDOMINAL BINDER 3PNL 9""",,27.01,0,,,18.01
71986953929,"ABDOMINAL BINDER 3PNL 9""",,27.51,0,,,18.34
76318969757,"ABDOMINAL BINDER 9"" WHITE",,23.49,0,,,14.09
76318969758,"ABDOMINAL BINDER 9"" WHITE",,23.49,0,,,14.09
09629512463,"ABDOMINAL BINDER 9"" WHITE",,23.49,0,,,14.09
76318969760,ABDOMINAL BINDER WHITE,,17.99,0,,,10.79
616784350127,ABDOMINAL PA 5X9N 20 STR,,6.99,-3,,,3.46
19050900195,ABENA PRE-MOISTENED CLN W,,3.30,0,,,2.20
675690650516,ABOUT BEAUTY 5 BLD DSP RZ,,6.90,0,,,4.60
675690650523,ABOUT BEAUTY ALL ABOUT NA,,7.50,0,,,5.00
675690650486,ABOUT BEAUTY BRW BTY GROO,,6.00,0,,,4.00
675690650509,ABOUT BEAUTY DIY FACIAL K,,10.34,0,,,6.89
67569065007,ABOUTBODY BIKINI SHAVERS,,3.40,0,,,2.27
67569065008,ABOUTBODY HEEL SVR CALLUS,,3.05,0,,,2.03
67569065011,ABOUTBODY RAZOR W 6 CRTGS,,7.26,-1,,,4.84
67569065010,ABOUTBODY SPA SHAVE 4-BLD,,6.56,0,,,4.38
67569065003,ABOUTFACE EYEBROW SHAPER,,2.66,0,,,1.78
67569065005,ABOUTFACE PROFESSNL FACIA,,4.43,0,,,2.95
67569065004,ABOUTFACE SONIC BEAUTY WN,,11.33,0,,,7.55
67569065001,ABOUTFACE WOMENS FACIAL R,,3.05,0,,,2.03
67569065002,ABOUTFACE WOMENS FACIAL R,,3.99,0,,,2.66
307660801573,ABREVA CR 10% 2GM COLD SO,,24.99,-1,,,19.48
307660801351,ABREVA CR 10% 2GM OTG,,29.10,-4,,,18.32
30766080155,ABREVA CR 10% 2GM PUMP,,23.99,-20,,,18.32
07103173749,ABRIDGE COLD SORE TREATME,,9.24,0,,,6.85
88947641204,ABSORBINE JR PLUS P R LIQ,,8.99,-35,,,5.84
889476414036,ABSORBINE PRO CR 4-1.5% 8,,13.68,-2,,,0.00
889476414029,ABSORBINE PRO RL 4-1.5% 7,,13.99,-2,,,0.00
31144402604,ABSORBINE VETERINARY LINI,,14.99,-7,,,9.32
05138199192,AC BREEZEWAY OL 0.5OZ CLE,,8.97,0,,,5.98
05138191315,AC DIFFUSER REFILL PADS 1,,0.00,0,,,0.00
05138199193,AC MIND GUIDE OL 0.5OZ FO,,8.97,0,,,5.98
051381885175,AC MINERAL BATH PK 6X2.5O,,2.84,0,,,11.36
05138199197,AC PILLOW POTION OL 0.5OZ,,8.97,0,,,5.98
05138199194,AC RESCUE CHARM OL 0.5OZ,,8.97,0,,,5.98
03504607061,ACAI SOFT CHEWS 300 MG,,9.95,0,,,5.97
03504606871,ACAICLEANSE LIQ GARDEN GR,,14.99,0,,,8.98
00054014125,ACARBOSE TABS 50 MG ROX,,0.00,0,,,17.95
47781034201,ACARBOSE TABS 100 MG ALV,,0.00,0,,,19.95
00054014225,ACARBOSE TABS 100 MG ROX,,0.00,0,,,25.95
36570228810,ACCU-CHECK FASTCLIX LANCE,,20.68,0,,,15.32
36570248110,ACCU-CHECK FASTCLIX LANCN,,13.80,0,,,9.20
36570210710,ACCU-CHEK AVIVA CNTRL SOL,,11.92,0,,,7.95
36570272310,ACCU-CHEK AVIVA PLUS CARE,,0.00,0,,,0.00
36570210110,ACCU-CHEK AVIVA PLUS CARE,,0.00,0,,,0.00
36570240810,ACCU-CHEK AVIVA PLUS TEST,,248.72,0,,,184.24
36570240710,ACCU-CHEK AVIVA PLUS TST,,124.36,0,,,92.12
07553747419,ACCU-CHEK CMPCT PLUS 3 DR,,141.78,0,,,94.52
07553759884,ACCU-CHEK COMPACT PLUS 6,,255.21,0,,,189.05
36570246810,ACCU-CHEK COMPACT PLUS CL,,11.92,0,,,7.95
36570272910,ACCU-CHEK GUIDE CARE KIT,,35.14,0,,,26.03
36570270204,ACCU-CHEK GUIDE CARE KIT,,35.77,0,,,26.50
36570273110,ACCU-CHEK GUIDE ME GL MET,,17.25,0,,,11.50
36570271010,ACCU-CHEK GUIDE TEST STRI,,21.55,0,,,14.37
36570271210,ACCU-CHEK GUIDE TEST STRI,,75.00,0,,,50.00
36570270195,ACCU-CHEK GUIDE TEST STRI,,29.99,0,,,22.22
36570248310,ACCU-CHEK NANO SMARTVIEW,,35.03,0,,,25.95
36570249310,ACCU-CHEK SMARTVIEW SI 10,,234.29,0,,,156.19
36570249210,ACCU-CHEK SMARTVIEW TEST,,124.36,0,,,92.12
75177497590,ACCU-CLEAR PREG TS 2 VALP,,7.59,-6,,,4.16
75177497593,ACCU-CLEAR PREGNCY VISUAL,,9.45,0,,,6.30
02360123000,ACCURELIEF DUAL CHANNEL T,,0.00,0,,,0.00
02360123001,ACCURELIEF DUAL CHANNEL T,,43.51,0,,,32.23
02360120002,ACCURELIEF MINI TENS SPPL,,14.90,0,,,11.04
02360129001,ACCURELIEF REMOTE WIRELSS,,65.81,0,,,48.75
02360120031,ACCURELIEF TENS SUPPLY LG,,17.25,0,,,11.50
02360120001,ACCURELIEF UNIVERSL SUPPL,,14.58,0,,,10.80
02360120003,ACCURELIEF W R C TENS SUP,,23.22,0,,,17.20
02360129000,ACCURELIEF WRLS REM CNTRL,,65.81,0,,,48.75
02360120033,ACCURELIEF WRLSS TENS SUP,,23.22,0,,,17.20
02360120023,ACCURELIEF WRLSS TENS SUP,,16.87,0,,,11.25
36570227610,ACCUTREND PLUS T S CHLSTR,,112.42,0,,,74.95
36570245610,ACCUTREND T S GLUCOSE,,27.52,0,,,20.39
05113119846,ACE ABDOMINAL BACK SUPPOR,,25.89,0,,,17.26
05113119794,ACE ANKLE BRACE W STABILI,,19.09,0,,,12.73
05113121222,ACE ANKLE SUPPORT COMPRES,,8.37,-2,,,5.58
051131203693,ACE ATHL BND DS 3N #7461,,5.99,-5,,,0.00
05113120810,ACE BACK BRACE SB ADJUSTA,,35.10,0,,,23.40
05113120426,ACE BACK STABILIZER DELUX,,24.84,0,,,18.40
38290207604,ACE BANDAGE HK CLSRE ACE,,7.30,0,,,4.87
38290207602,ACE BANDAGE HOOK-LOOP ACE,,4.33,0,,,3.21
38290207603,ACE BANDAGE HOOK-LOOP ACE,,5.65,0,,,3.77
554623900000,ACE COMP ELASTIC BNDGE SB,,5.88,0,,,3.92
554624700000,ACE COMP ELASTIC BNDGE SB,,7.01,0,,,4.67
05113121221,ACE COMPRESSION ANKLE SPT,,10.99,0,,,5.85
05113121220,ACE COMPRESSION KNEE SUPP,,9.72,0,,,6.48
05113120453,ACE DELUXE THUMB STABILIZ,,19.99,-6,,,13.23
05113119397,ACE DELUXE WRIST BRACE LE,,26.40,-1,,,18.40
05113119398,ACE DELUXE WRIST BRACE RI,,27.60,0,,,18.40
05113120501,ACE DLX BCK STBL LUMB SPT,,30.00,-1,,,0.00
05113119317,ACE DUAL KNEE STRAP MOD A,,21.85,0,,,14.57
05113119298,"ACE ELASTIC BANDAGE 3"" WI",,5.95,0,,,4.41
05113121569,"ACE ELASTIC BANDAGE 3"" WI",,5.56,0,,,3.71
05113119297,"ACE ELASTIC BANDAGE 4"" WI",,6.80,0,,,5.04
05113121570,"ACE ELASTIC BANDAGE 4"" WI",,7.49,-4,,,4.46
051131203648,ACE ELASTIC BANDAGE DS 3N W/HOOK,,6.06,-4,,,0.00
05113121621,ACE ELBOW KINESIOLOGY SUP,,10.32,0,,,6.88
05113119811,ACE ELBOW SUPPORT PADDED,,12.82,0,,,9.50
05113119812,ACE ELBOW SUPPORT PADDED,,12.82,0,,,9.50
051131203631,ACE ELST BND DS 4N #7604 W/HOOK,,7.89,-18,,,0.00
05113122168,ACE HOT COLD SDR WRP W/2G,,25.10,-3,,,16.73
051131198197,ACE KNEE BRC SB S/S MD,,15.20,0,,,10.13
05113121622,ACE KNEE KINESIOLOGY SUPP,,10.32,0,,,6.88
05113119786,ACE KNEE SUPPORT MOISTR C,,16.02,0,,,10.68
05113119784,ACE KNEE SUPPORT MOISTR C,,16.02,0,,,10.68
05113119785,ACE KNEE SUPPORT SB L MCT,,16.02,0,,,10.68
05113119823,ACE KNITTED KNEE BRACE W,,15.19,0,,,10.13
05113119822,ACE KNITTED KNEE SUPPORT,,8.08,0,,,5.99
05113119838,ACE NIGHT WRIST SLEEP SUP,,26.26,0,,,17.51
05113119824,ACE PLTR FAC SLP SPT SB F,,35.45,0,,,23.63
05113121620,ACE SHOULDER KINESIOLOGY,,10.32,0,,,6.88
051131208124,ACE SPDX DS 5.3FTX2N #7310,,0.00,0,,,0.00
051131208131,ACE SPDX DS 5.3FTX3N #7314,,5.45,-1,,,0.00
051131208155,ACE SPDX DS 5.3FTX6N #7315,,9.99,-11,,,0.00
05113119835,ACE SPLINT WRIST BRACE RV,,21.64,0,,,14.43
051131208162,ACE SPORTS TAPE 1.5X360N,,4.13,0,,,2.75
05113119299,ACE THERAPEUTIC ARCH SUPP,,19.35,0,,,12.90
051131204232,ACE WORK BELT SB ADJ O/S,,26.80,0,,,15.83
05113119834,ACE WRIST STABILIZER RGT,,22.88,0,,,16.95
03504600190,ACEROLA C WAFER 500MG,,12.99,0,,,7.13
34580220326,ACET CHD SS 160MG/5ML 118,,8.09,0,,,3.25
09629513466,ACETAMIN CAPLETS 500 MG,,3.89,0,,,1.90
09629513467,ACETAMIN CAPLETS 500 MG,,5.29,0,,,1.92
09629513468,ACETAMIN CAPLETS 500 MG,,7.99,0,,,3.56
09629513469,ACETAMIN CAPLETS 500 MG,,13.29,0,,,6.17
09629513470,ACETAMIN CAPLETS 500 MG,,14.49,0,,,8.20
30904672060,ACETAMIN CAPLETS 500 MG,,8.09,0,,,3.95
09629512970,ACETAMIN CAPLETS 500 MG,,0.00,0,,,0.00
09629512971,ACETAMIN CAPLETS 500 MG,,7.99,0,,,3.34
09629512972,ACETAMIN CAPLETS 500 MG,,14.99,0,,,7.50
09629512977,ACETAMIN CAPLETS 500 MG,,13.29,0,,,5.73
09629512980,ACETAMIN CAPLETS 500 MG,,4.39,0,,,1.90
09629513050,ACETAMIN CAPLETS 500MG E,,0.00,0,,,0.00
09629513225,ACETAMIN CHWTB CHLD BBLGM,,6.09,0,,,3.05
09629513224,ACETAMIN CHWTB CHLD GRAPE,,6.09,0,,,3.05
01610335011,ACETAMIN CPL X-STR 500MG,,20.69,0,,,9.95
01771401410,ACETAMIN CPL X-STR 500MG,,26.29,0,,,12.25
09629512974,ACETAMIN CPLT PM 500 25MG,,4.99,0,,,2.49
09629512975,ACETAMIN CPLT PM 500 25MG,,6.99,0,,,4.10
35483814480,ACETAMIN ELI CHILD CHRRY,,10.69,0,,,5.25
09629512951,ACETAMIN INF ORL DRPS GRP,,5.99,0,,,3.25
09629513232,ACETAMIN R R GELCAPS 500M,,14.49,0,,,7.25
09629513233,ACETAMIN R R GELCAPS 500M,,4.49,0,,,2.53
09629513234,ACETAMIN R R GELCAPS 500M,,0.00,0,,,0.00
09629513620,ACETAMIN R R GELCAPS 500M,,6.99,0,,,4.10
09629513692,ACETAMIN R R GELCAPS 500M,,14.49,0,,,7.25
09629512956,ACETAMIN SFGL X-STR 500MG,,0.00,0,,,0.00
09629512957,ACETAMIN SFGL X-STR 500MG,,0.00,0,,,0.00
34580273230,ACETAMIN SUPP 120 MG PED,,8.09,-2,,,3.65
09629513054,ACETAMIN SUS CHLD D F CHR,,5.99,0,,,2.25
09629513219,ACETAMIN SUSP CHILD BBLGM,,6.99,0,,,2.95
09629513793,ACETAMIN SUSP CHILD BBLGM,,5.19,0,,,2.91
30904676620,ACETAMIN SUSP CHILD CHERR,,8.09,0,,,3.60
09629513681,ACETAMIN SUSP CHILD CHERR,,5.19,-3,,,2.91
09629513694,ACETAMIN SUSP CHILD GRAPE,,5.19,0,,,2.91
34580220126,ACETAMIN SUSP CHILD GRAPE,,7.09,0,,,3.25
09629512991,ACETAMIN SUSP CHILD GRAPE,,5.99,0,,,2.95
30536121277,ACETAMIN SUSP INFANT CHRY,,10.09,0,,,4.75
580847200000,ACETAMIN SY 160MG/5ML 100,,376.82,0,,,2.51
09629513477,ACETAMIN TABLETS 325 MG,,6.99,0,,,1.50
09629512983,ACETAMIN TABLETS 325 MG,,4.29,0,,,1.66
09629512976,ACETAMIN TABLETS 325 MG,,6.99,0,,,1.50
09629512979,ACETAMIN TABLETS 500 MG,,13.79,0,,,5.45
09629512973,ACETAMIN TABLETS 500 MG,,5.99,0,,,1.60
09629513212,ACETAMIN TABS 500 MG PM,,5.99,0,,,3.57
349483699012,ACETAMIN TB 650MG 100 ER,,12.38,0,,,8.25
00603233821,ACETAMIN TB W/C #3 30MG QLT,,0.00,0,,,13.45
00603233921,ACETAMIN TB W/C #4 60MG QLT,,0.00,0,,,20.10
01610337611,ACETAMIN TB X-STR 500 MG,,16.19,0,,,8.88
01771401310,ACETAMIN TB X-STR 500 MG,,18.79,0,,,8.55
09629512978,ACETAMIN TBS 500 MG EZ OP,,13.79,0,,,5.45
357896251017,ACETAMINOPHEN GC 500MG 10,,0.00,0,,,0.00
30904673151,ACETAMINOPHEN PM TB 25-50,,6.09,0,,,1.85
357896101107,ACETAMINOPHEN TB 325MG 10,,19.61,0,,,13.07
357896201104,ACETAMINOPHEN TB 500MG 10,,30.03,0,,,20.02
30904673080,ACETAMINOPHEN TB 500MG 10,,23.33,0,,,15.55
309047314607,ACETAMINOPHEN TB 650MG 10,,13.28,0,,,8.85
36961801101,ACETAMINOPHEN TB EX-STR 5,,2.36,0,,,1.75
36961801001,ACETAMINOPHEN TB RG STR 3,,1.75,0,,,1.17
309047314270,ACETAMINOPHEN TB650MG 400,,68.90,0,,,45.93
07431266070,ACETYL L-CARNITINE CAPS 4,,16.77,0,,,11.18
535670400000,ACHES/PAIN MUSCLE RLF PK,,0.00,0,,,0.00
73530350424,ACHES/PAIN NTM RLF CY 20O,,7.07,0,,,5.24
73530350464,ACHES/PAIN NTM RLF LQ 16O,,8.67,0,,,5.78
535672000000,ACHES/PAIN NTM RLF PK 12X,,0.00,0,,,0.00
73530350402,ACHES/PAIN TENSION RLF LQ,,7.86,0,,,5.24
535671200000,ACHES/PAIN TENSION RLF PK,,0.00,0,,,0.00
054458800309,ACHIEVE BERBERINE GLUC SP,,22.13,0,,,14.75
09629513546,ACID REDUCER CHW TABS MIN,,9.39,0,,,5.37
09460410880,ACIDOPHILUS CAP W PECTIN,,7.45,0,,,4.21
04746916108,ACIDOPHILUS CAPS 100 MG,,9.99,-10,,,6.65
00536718001,ACIDOPHILUS CAPTB W PECT,,5.89,0,,,2.87
09460410865,ACIDOPHILUS CHEW W BIFIDS,,10.45,0,,,5.92
31184516891,ACIDOPHILUS CHWBL WFRS ST,,11.58,0,,,7.72
03504600101,ACIDOPHILUS CP W GT MILK,,11.99,0,,,6.59
37733300450,ACIDOPHILUS LACTO 5X10UD,,0.00,0,,,0.00
00904421360,ACIDOPHILUS PECTIN CAPS,,3.75,0,,,2.50
31184505331,ACIDOPHILUS PECTIN CAPS,,5.80,0,,,4.30
74098522928,ACIDOPHILUS PRBTC BLEND C,,12.99,0,,,7.19
04746904042,ACIDOPHILUS PROBIOTIC BIO,,15.52,0,,,10.35
03504600109,ACIDOPHILUS PROBIOTIC CAP,,13.19,-6,,,6.58
71728400681,ACIDOPHILUS W PECTIN CAPS,,6.28,0,,,4.19
07431205721,ACIDOPHILUS WAFERS STRWBR,,9.75,0,,,5.66
30187161003,ACNEFREE 24HR ACNE CLR SY,,23.25,0,,,15.50
30187161104,ACNEFREE 24HR ACNE CLR SY,,30.24,0,,,22.40
30187161601,ACNEFREE MX STRNG TERMINA,,7.42,0,,,4.95
30187161308,ACNEFREE OLF CLEANSER LT2,,6.75,0,,,4.50
30187161902,ACNEFREE THERAPTC SULFUR,,9.19,0,,,6.13
04116709471,ACT ACVT 0.05% 532ML BRY,,0.00,0,,,0.00
04116709462,ACT ACVT 0.05% 532ML SWMN,,0.00,0,,,0.00
04116709550,ACT ADV CARE PLAQUE GRD C,,5.89,0,,,4.17
04116709540,ACT ADV CARE PLAQUE GRD F,,5.39,0,,,4.17
04116709372,ACT ANTICAVITY ARCTIC BLA,,5.99,-6,,,3.61
04116709433,ACT ANTICAVITY RINSE MINT,,7.06,0,,,5.23
04116799625,ACT DRY MOUTH 15 C U DL99,,0.00,0,,,0.00
04116709932,ACT DRY MOUTH LOZENGES,,5.04,0,,,3.36
04116709980,ACT DRY MOUTH LOZENGES,,4.32,0,,,3.20
04116709986,ACT DRY MOUTH LOZENGES,,7.81,0,,,5.79
04116709412,ACT DRY MOUTH SPRAY W XYL,,8.68,0,,,5.79
04116709225,ACT DRYMOUTH GM 20 SF BFR,,4.95,0,,,3.30
04116709921,ACT DRYMOUTH GM 20 SF STH,,4.53,0,,,3.36
04116709428,ACT FLUORIDE MW 0.05% 532,,5.99,-32,,,3.63
04116709242,ACT KIDS 0.24% 130GM WLD,,2.99,-2,,,0.00
04116709535,ACT KIDS ACVT MW 0.05% 50,,5.99,-5,,,3.77
04116709444,ACT KIDS MW 0.05% 500ML B,,5.99,-14,,,3.78
04116709381,ACT KIDS MW 0.05% 500ML W,,5.99,-6,,,3.77
04116709422,ACT KIDS PS 0.24% 130GM B,,4.49,-6,,,2.26
04116709231,ACT KIDS TOOTHPASTE FRUIT,,0.00,0,,,0.00
04116709523,ACT LIQ BRACES CARE CLEAN,,5.06,0,,,3.75
04116709350,ACT LIQ KIDS SPONGEBOB,,4.25,0,,,3.15
04116709783,ACT LIQ RESTORING MINT BU1001,,8.99,-30,,,5.25
04116709641,ACT LIQ SENS CARE MILD MI,,5.57,0,,,4.13
04116709680,ACT LIQ TOTAL CARE D M MI,,6.48,0,,,4.80
04116709683,ACT LIQ TOTAL CARE D M MI,,9.99,-4,,,6.70
04116709610,ACT LIQ TOTAL CARE FRESH,,5.13,0,,,3.80
04116709650,ACT LIQ TOTAL CARE ICY MI,,5.13,0,,,3.80
04116709832,ACT LIQ WHITENING GNTL MN,,8.29,0,,,5.05
041167098066,ACT RESTORING MW 0.02% 101001,,8.99,-4,,,5.55
04116709780,ACT RESTORING MW 0.05% 531001,,5.99,-4,,,4.11
04056512137,ACTICOAT 7 DRSS SLV ANTM,,227.05,0,,,168.19
042809670363,ACTIMOVE ANKLE SUPPORT SB,,18.33,0,,,12.22
042809670370,ACTIMOVE ANKLE SUPPORT SB,,18.42,0,,,12.28
567935200000,ACTIMOVE ARTHRITIS GV 2 L,,30.65,0,,,20.43
042809637533,ACTIMOVE BACK SUPPORT SB,,43.34,0,,,28.89
042809637557,ACTIMOVE BACK SUPPORT SB,,44.70,0,,,29.80
042809670448,ACTIMOVE ELBOW ARTH SB MD,,16.28,0,,,10.85
042809670455,ACTIMOVE ELBOW ARTH SB SM,,17.24,0,,,11.49
042809636611,ACTIMOVE ELBOW STRAP SB A,,18.84,0,,,12.56
042809670271,ACTIMOVE ELBOW SUPPORT SB,,17.34,0,,,11.56
566818100000,ACTIMOVE ELBOW SUPPORT SB,,17.34,0,,,11.56
568520100000,ACTIMOVE ELBOW SUPPORT SB,,16.28,0,,,10.85
042809636918,ACTIMOVE KIDS ELBOW SB AD,,14.18,0,,,9.45
042809670790,ACTIMOVE KNEE SB CL/PA MD,,19.68,0,,,13.12
042809637564,ACTIMOVE KNEE SB O/P SM N,,20.70,0,,,13.80
568218200000,ACTIMOVE KNEE SUPPORT SB,,20.70,0,,,13.80
568516900000,ACTIMOVE KNEE SUPPORT SB,,18.00,0,,,12.00
568518500000,ACTIMOVE KNEE SUPPORT SB,,18.00,0,,,12.00
566742300000,ACTIMOVE PATL STP ADJ SB,,19.86,0,,,13.24
568544100000,ACTIMOVE THUMB STABILIZER,,15.78,0,,,10.52
568545800000,ACTIMOVE THUMB STABILIZER,,15.78,0,,,10.52
568546600000,ACTIMOVE WRIST STABILIZER,,14.54,0,,,9.69
568547400000,ACTIMOVE WRIST STABILIZER,,14.54,0,,,9.69
568548200000,ACTIMOVE WRIST STABILIZER,,14.54,0,,,9.69
042809636574,ACTIMOVE WRIST STBL SB LR,,17.12,0,,,11.41
042809636567,ACTIMOVE WRIST STBL SB MD,,17.12,0,,,11.41
05113156786,ACTION WRAP WHITACRE TP 3,,4.77,0,,,3.18
07431278569,ACTIVATED CHARCOAL CAPS,,0.00,0,,,0.00
03504600295,ACTIVATED CHARCOAL CAPS 2,,10.99,0,,,5.49
31184507875,ACTIVATED VEGE CHARCOAL C,,6.36,0,,,4.24
02188830111,ACTIVE ADULT 50+ MULTIVIT,,13.77,0,,,10.20
02188830221,ACTIVE HLTH W/DRM/CX TB 6,,14.78,0,,,10.95
87057900501,ACTIVON ROLL-ON ARTHRITIS,,8.30,0,,,6.15
01957310612,ACU-LIFE HT CLD A K E 360,,26.73,0,,,17.82
07957310614,ACU-LIFE HT CLD WRST 360,,23.62,0,,,17.50
17957300916,ACU-LIFE PILL CRUSHER CON,,8.64,0,,,5.76
07957310847,ACU-LIFE TRUE EASY SYRING,,5.67,0,,,3.78
07957310586,ACULIFE HEARING AID CLEAN,,8.17,0,,,5.45
07957310916,ACULIFE LICE COMB LIGHTED,,12.46,0,,,8.31
82744400165,ACUVUE REVITALENS SOL M P,,6.75,0,,,4.50
82744400166,ACUVUE REVITALENS SOL M P,,13.50,0,,,9.00
82744400167,ACUVUE REVITALENS SOL M P,,23.02,0,,,15.35
68382079101,ACYCLOVIR TABS 400 MG ZYD,,0.00,0,,,7.65
31722077801,ACYCLOVIR TABS 800 MG CAM,,0.00,0,,,11.95
38137004768,ADH PAD AP 2.875X4N 10 LR,,5.49,-5,,,3.36
08019630020,ADHESIVE PADS 3X4 OUCHLS,,3.99,-2,,,1.75
61678436082,ADHESIVE STRIPS JR 3 8X1.,,3.28,0,,,2.19
61678415052,ADHESIVE TAPE REMOVER PAD,,5.73,0,,,4.25
09629510281,"ADHESIVE TAPE WTRPF 1""X5Y",,2.89,0,,,1.43
09629510280,"ADHESIVE TP WTRPF .5""X10Y",,2.69,0,,,1.30
074676661179,ADJUSTABLE POSTURE SPT SB,,17.24,0,,,11.49
00024592410,ADMELOG VIAL 100 UNITS/ML,,0.00,0,,,224.75
80921930002,ADORN HAIR SPR FREQUENT U,,3.79,0,,,2.81
09629513627,ADULT AM PM CGH ENDCP TRA,,0.00,0,,,0.00
03160403040,ADULT GUMMIES DAILY ENERG,,10.24,0,,,6.83
03160402953,ADULT GUMMIES ENERGY B12,,8.99,0,,,6.51
03160402951,ADULT GUMMIES IMN CMPLX W,,8.51,0,,,6.31
03160402846,ADULT GUMMIES MULTIVIT W,,0.00,0,,,0.00
03160402843,ADULT GUMMIES VITAMIN C O,,10.99,0,,,6.58
03160402844,ADULT GUMMIES VITAMIN D3,,9.87,0,,,6.58
02188830212,ADVANCED ENZYME SYSTEM VE,,8.50,0,,,6.30
31011902068,ADVANCED EYE RELIEF DR 15,,4.76,0,,,3.17
31011902225,ADVANCED EYE RELIEF MAX R,,7.18,0,,,4.79
31011900252,ADVANCED EYE RELIEF SL 4O,,5.99,-30,,,3.48
31011902003,ADVANCED EYE RLF DR 15ML,,6.99,-4,,,4.97
31011902010,ADVANCED EYE RLF DR 30ML,,10.50,0,,,7.00
74098527505,ADVANCED PROBIOTIC CAPS,,16.99,0,,,10.71
04746905964,ADVANCED SLEEP MELATONIN,,10.00,0,,,7.41
07050102354,ADVANCED SOL ACNE THERPY,,23.32,0,,,15.55
30573019620,ADVIL ALLRG CONGST RELIEF,,11.85,0,,,7.90
30573018810,ADVIL CAPLETS ALLERGY SIN,,17.82,-2,,,10.40
30573020730,ADVIL CHILD SUSPENSION BB,,6.61,0,,,4.90
30573029030,ADVIL CHILD SUSPENSION WH,,6.90,0,,,4.60
30573170773,ADVIL CHILDRENS LIQUID GR,,13.12,0,,,8.75
30573018010,ADVIL CLD/SIN TB 30-200MG,,10.99,-33,,,6.79
30573018021,ADVIL COLD & SINUS CAPLET,,20.00,-11,,,10.93
30573018432,ADVIL COLD & SINUS LIQUI-,,16.80,-1,,,10.93
30573016989,ADVIL GC 200MG 160 LQGL,,30.78,-29,,,18.25
30573019120,ADVIL INF DROPS FEVER WHT,,5.70,0,,,3.80
30573019150,ADVIL INF DROPS FEVER WHT,,9.24,0,,,6.85
30573016820,ADVIL MIGRAINE LIQUI-GELS,,6.15,-186,,,3.40
30573016845,ADVIL MIGRAINE LIQUI-GELS,,15.15,0,,,10.10
30573016430,ADVIL PM TB 38-200MG 40 C,,13.40,-17,,,8.21
30573171679,ADVIL SIN MS C F 8 DL7167,,0.00,0,,,0.00
30573019911,ADVIL SINUS TABS CONGSTN,,9.05,-2,,,5.20
30573019921,ADVIL SINUS TABS CONGSTN,,11.85,0,,,7.90
30573017430,ADVIL SUSP CHILD BLUE RAS,,6.90,0,,,4.60
30573117412,ADVIL SUSP CHILD BLUE RAS,,7.42,0,,,4.95
30573017030,ADVIL SUSPENSION CHILD FR,,6.90,0,,,4.60
30573017130,ADVIL SUSPENSION CHILD GR,,6.90,0,,,4.60
30573023230,ADVIL SUSPENSION CHILD S,,7.35,0,,,4.90
30573017920,ADVIL TABS JUNIOR STRNGHT,,6.22,-2,,,4.15
30573023020,ADVIL TABS MENSTRUAL PAIN,,5.34,0,,,3.96
30573019010,ADVIL TABS MULT SYMP COLD,,9.99,-3,,,5.40
30573019020,ADVIL TABS MULT SYMP COLD,,12.07,0,,,8.05
03367415847,AFRICAN MANGO VEGICAPS,,22.50,0,,,15.00
80253547513,AFRICAN PRIDE DREAM KIDS,,4.03,0,,,2.69
80253544308,AFRICAN PRIDE O M GROWTH,,0.00,0,,,0.00
80253544408,AFRICAN PRIDE SHA OLIVE M,,4.99,0,,,3.16
80253549706,AFRICAN PRIDE SHEA BTR SL,,6.96,-3,,,5.16
03202300704,AFRICAN ROYALE HOT SIX OI,,7.54,0,,,5.03
07570720095,AFRICARE GLYCERIN LQ 250M,,7.35,-14,,,4.90
07570720060,AFRICARE SHA SHEA BUTTER,,5.84,0,,,4.33
07570720065,AFRICARE SHEA BUTTER CRL,,5.84,0,,,4.33
03428550412,AFRICAS BEST HERBAL OIL 1,,5.28,0,,,3.52
03428553000,AFRICAS BEST RELAXER SYST,,8.55,-7,,,5.70
041100596666,AFRIN EXTRA MSTRZ SN 0.02,,0.00,0,,,0.00
04110081123,AFRIN NASAL SPRAY ORIGINA,,9.96,-8,,,5.78
04110081125,AFRIN NASAL SPRAY ORIGINA,,15.60,-5,,,8.75
04110081117,AFRIN NASAL SPRAY SEVERE,,10.77,-8,,,6.04
041100590343,AFRIN NO DRIP N/R SN 0.05,,0.00,0,,,0.00
04110001509,AFRIN NO DRIP SINUS SN 0.,,9.37,0,,,6.93
04110081119,AFRIN NO DRIP SN 0.05% 15,,11.10,0,,,7.40
041100596673,AFRIN NO DRIPXMST SN 0.05,,0.00,0,,,0.00
04110082033,AFRIN NO-DRIP SEV CONG NS,,10.39,0,,,6.93
04110001511,AFRIN NO-DRIP X-MST NASAL,,10.39,-4,,,6.93
04110081121,AFRIN PUMP MIST SN 0.05%,,9.23,0,,,6.84
04110081127,AFRIN SINUS SN 0.05% 15ML,,10.53,-7,,,6.26
04422401280,AFTER BITE KIDS CREAM SEN,,3.99,-6,,,2.75
04422403300,AFTER C SCRPS 2.5-0.13% 3,,0.00,0,,,0.00
054402530535,AG CLASSIC UN 15 DL530535,,0.00,0,,,0.00
85896100127,AGING EYE RELIEF DRPS ADL,,8.85,0,,,5.90
850021581244,AGREE CLASSIC CD 32OZ ORI,,0.00,0,,,0.00
850021581268,AGREE CLASSIC HAIR MASK L,,0.00,0,,,0.00
850021581237,AGREE CLASSIC SH 32OZ ORI,,0.00,0,,,0.00
850021581046,AGREE PRO KERATIN CD 32OZ,,0.00,0,,,0.00
850021581176,AGREE PRO PROTEIN KRTN LQ 1.5OZ,,0.00,0,,,0.00
03320000065,AIM GEL CAVITY PROT M B C,,1.10,0,,,1.00
03320000093,AIM GEL CAVITY PROT MINT1001,,2.99,-77,,,1.00
03320000094,AIM PASTE CAVITY PROTECTI,,1.10,0,,,1.00
03320000064,AIM TC GL 0.24% 156GM MIN1001,,2.99,-24,,,1.01
03320000090,AIM WHITENING GL 0.24% 151001,,1.99,-54,,,1.07
03311672068,AIR CUSHION DBL INSOLES,,3.30,0,,,1.40
07124932956,AIR DRY IT RUFFLED BODY M,,5.40,0,,,3.60
07124932955,AIR DRY IT UNDONE STYLE C,,5.61,0,,,3.74
07124932957,AIR DRY IT WAVE SWEPT SPR,,5.61,0,,,3.74
09629513301,AIR FOAM COMFORT INSOLES,,2.19,0,,,0.64
09629513367,AIR FOAM INSOLES WOMEN,,2.09,0,,,1.17
05113121688,AIR POLLUTION POLLEN ADUL,,8.26,0,,,5.51
06233805762,AIR WICK 2N1 AR 12X8OZ LV,,20.76,0,,,1.15
06233877002,AIR WICK AERO 2IN1 FRSH W1001,,2.99,-14,,,1.11
06233879553,AIR WICK FHM ULT AR 6 RFL,,8.30,0,,,5.53
06233877961,AIR WICK FHM ULT AR6X6.17,,8.30,0,,,5.53
06233877397,AIR WICK REFILL OL 8 LV/C,,46.71,0,,,33.51
06233879716,AIR WICK SCENT OIL REFL F,,3.92,0,,,2.90
062338939470,AIR WICK SCENTED OIL KT L1001,,6.99,-5,,,20.92
06233878046,AIR WICK SCENTED OIL WARM,,4.99,-1,,,1.54
062338857230,AIR WICK SNT OL KT FRESH,,6.99,-3,,,20.92
64786590846,AIRBORNE ADULT GUMMIES BE,,8.47,0,,,5.65
64786520221,AIRBORNE CHEWABLE TABS BE,,8.47,-3,,,5.65
64786520334,AIRBORNE CHEWABLE TABS CI,,8.47,0,,,5.65
64786518631,AIRBORNE CHEWABLE TABS CI,,16.27,0,,,10.85
64786594999,AIRBORNE CW 21 GMM ORANGE,,8.47,0,,,5.65
64786518573,AIRBORNE CW 42 GMM A/FRT,,16.07,0,,,10.71
64786510001,AIRBORNE EFFER TABS ORANG,,8.47,0,,,5.65
64786510030,AIRBORNE EFFER TABS ORANG,,23.37,0,,,15.58
64786510094,AIRBORNE EFFER TABS VERY,,8.47,-2,,,5.65
64786590844,AIRBORNE EFFERVESCENT TAB,,15.75,0,,,10.50
64786590059,AIRBORNE IMMN SUP OTG PWD,,8.47,0,,,5.65
64786599544,AIRBORNE KIDS IMMN S CHWT,,8.47,0,,,5.65
64786597059,AIRBORNE PLUS BETA IMN PW,,6.07,0,,,4.05
64786597060,AIRBORNE PLUS BETA IMN PW,,6.07,0,,,4.05
64786598409,AIRBORNE PLUS PRBTC CW 27,,14.98,0,,,11.10
64786510004,AIRBORNE TB 10 EFF LMN/LI,,8.47,-4,,,5.65
64786510017,AIRBORNE TB 10 EFF PKGPFT,,8.47,0,,,5.65
64786599542,AIRBORNE+GOOD REST GUMMIE,,16.35,0,,,10.90
64786599537,AIRBORNE+GOOD REST PWD BE,,17.02,0,,,11.35
01542100603,AIRCAST AIRHEEL FOOT ANKL,,47.80,0,,,35.41
01542106005,AIRCAST AIRHEEL FOOT ANKL,,53.11,0,,,35.41
01542106029,AIRCAST AIRHEEL FOOT ANKL,,47.80,0,,,35.41
74410200041,AIRCAST AIRSPORT ANKLE BR,,57.04,0,,,38.03
74410200042,AIRCAST AIRSPORT ANKLE BR,,57.04,0,,,38.03
74410200043,AIRCAST AIRSPORT ANKLE BR,,51.34,0,,,38.03
74410200044,AIRCAST AIRSPORT ANKLE BR,,51.34,0,,,38.03
74410200045,AIRCAST AIRSPORT ANKLE BR,,51.34,0,,,38.03
74410200046,AIRCAST AIRSPORT ANKLE BR,,51.34,0,,,38.03
74410200001,AIRCAST ARMBAND TENNIS EL,,19.65,0,,,13.10
77575725120,AIRGO CRUTCH TIPS 2 BGE,,0.00,0,,,0.00
07339001055,AIRHEADS BIG BAR BLU RASP,,0.96,0,,,0.71
07339001056,AIRHEADS BIG BAR PINK LEM,,0.96,0,,,0.71
07339001054,AIRHEADS BIG BAR STRWBRY,,0.96,0,,,0.71
07339000220,AIRHEADS BLUE RASPBERRY,,0.19,0,,,0.14
07339000221,AIRHEADS WHITE MYSTERY,,0.19,0,,,0.14
